"install_id","order_id","installer_id","install_date"
"1","1119","1","2023-01-15"
"2","1005","11","2023-12-19"
"3","783","2","2023-08-24"
"4","461","6","2023-01-25"
"5","44","1","2023-12-19"
"6","553","11","2023-09-13"
"7","18","10","2023-09-12"
"8","48","8","2023-09-18"
"9","945","7","2023-09-14"
"10","800","7","2023-03-22"
"11","272","11","2023-10-18"
"12","268","3","2023-12-04"
"13","514","8","2023-04-10"
"14","791","1","2023-05-02"
"15","103","5","2023-03-14"
"16","56","9","2023-04-04"
"17","774","7","2023-01-28"
"18","274","11","2023-03-15"
"19","1110","2","2023-07-01"
"20","315","9","2023-06-15"
"21","541","10","2023-07-01"
"22","16","7","2023-02-22"
"23","485","7","2023-05-30"
"24","301","11","2023-05-30"
"25","352","2","2023-06-22"
"26","271","6","2023-10-27"
"27","1057","2","2023-06-13"
"28","49","8","2023-12-27"
"29","108","6","2023-01-29"
"30","917","7","2023-03-30"
"31","55","8","2023-05-13"
"32","84","11","2023-03-07"
"33","675","6","2023-10-09"
"34","585","1","2023-01-25"
"35","600","10","2023-06-14"
"36","1111","9","2023-12-05"
"37","90","3","2023-10-26"
"38","362","11","2023-01-16"
"39","697","9","2023-02-10"
"40","1050","9","2023-12-26"
"41","442","3","2023-01-01"
"42","338","11","2023-05-21"
"43","1088","11","2023-09-15"
"44","1139","6","2023-02-18"
"45","1190","3","2023-07-08"
"46","778","4","2023-07-23"
"47","622","3","2023-05-06"
"48","751","10","2023-03-17"
"49","386","5","2023-08-24"
"50","281","4","2023-07-14"
"51","1085","8","2023-08-01"
"52","236","5","2023-06-03"
"53","489","10","2023-10-20"
"54","550","6","2023-09-14"
"55","541","6","2023-08-15"
"56","131","3","2023-12-03"
"57","725","10","2023-12-11"
"58","441","11","2023-07-04"
"59","464","1","2023-01-24"
"60","1033","5","2023-12-08"
"61","700","4","2023-06-23"
"62","223","3","2023-05-25"
"63","688","8","2023-03-01"
"64","1152","2","2023-03-11"
"65","998","7","2023-01-13"
"66","743","9","2023-09-16"
"67","593","2","2023-06-21"
"68","390","6","2023-02-19"
"69","173","2","2023-04-09"
"70","549","8","2023-03-05"
"71","1138","4","2023-09-06"
"72","144","3","2023-06-12"
"73","369","3","2023-10-15"
"74","457","7","2023-02-25"
"75","1056","11","2023-03-25"
"76","1070","4","2023-10-22"
"77","22","3","2023-07-06"
"78","1187","9","2023-11-09"
"79","650","9","2023-03-05"
"80","394","3","2023-03-29"
"81","932","4","2023-03-15"
"82","377","8","2023-03-04"
"83","1119","5","2023-05-31"
"84","1180","1","2023-12-05"
"85","438","1","2023-10-31"
"86","302","7","2023-11-02"
"87","885","11","2023-11-11"
"88","685","7","2023-12-20"
"89","1176","4","2023-04-30"
"90","491","1","2023-08-27"
"91","82","10","2023-12-04"
"92","808","5","2023-12-15"
"93","190","1","2023-03-03"
"94","439","11","2023-07-25"
"95","118","10","2023-06-03"
"96","858","2","2023-02-04"
"97","103","7","2023-01-14"
"98","220","4","2023-08-07"
"99","1048","5","2023-02-03"
"100","546","7","2023-12-04"
"101","799","11","2023-07-04"
"102","809","4","2023-08-30"
"103","421","4","2023-07-01"
"104","988","7","2023-08-29"
"105","337","3","2023-02-22"
"106","212","11","2023-12-29"
"107","377","11","2023-04-11"
"108","1178","7","2023-11-23"
"109","1054","1","2023-07-28"
"110","826","1","2023-06-07"
"111","624","2","2023-05-23"
"112","65","9","2023-10-19"
"113","445","6","2023-08-14"
"114","1080","2","2023-01-10"
"115","1164","3","2023-04-04"
"116","343","4","2023-11-19"
"117","474","6","2023-03-20"
"118","951","4","2023-05-16"
"119","197","9","2023-09-15"
"120","168","11","2023-08-23"
"121","57","5","2023-08-26"
"122","1135","8","2023-07-22"
"123","330","3","2023-05-23"
"124","151","8","2023-12-07"
"125","285","9","2023-04-03"
"126","1022","5","2023-06-26"
"127","855","4","2023-08-18"
"128","517","11","2023-12-29"
"129","853","10","2023-11-23"
"130","597","6","2023-08-25"
"131","703","4","2023-04-27"
"132","1118","8","2023-04-22"
"133","1012","2","2023-11-28"
"134","112","7","2023-10-06"
"135","1167","11","2023-01-23"
"136","453","4","2023-01-23"
"137","1112","9","2023-04-24"
"138","751","9","2023-12-21"
"139","516","11","2023-05-24"
"140","984","6","2023-09-11"
"141","587","7","2023-06-06"
"142","885","5","2023-06-02"
"143","1171","7","2023-11-07"
"144","1113","1","2023-11-28"
"145","265","2","2023-10-25"
"146","211","3","2023-09-21"
"147","761","4","2023-02-07"
"148","654","3","2023-12-15"
"149","512","8","2023-09-21"
"150","243","9","2023-07-01"
"151","949","7","2023-05-09"
"152","906","3","2023-08-24"
"153","179","3","2023-12-24"
"154","1120","10","2023-08-09"
"155","396","6","2023-05-07"
"156","649","1","2023-06-07"
"157","432","3","2023-03-10"
"158","282","2","2023-01-10"
"159","718","9","2023-05-16"
"160","378","9","2023-12-05"
"161","586","4","2023-12-31"
"162","316","9","2023-04-05"
"163","52","4","2023-11-30"
"164","218","3","2023-04-20"
"165","980","7","2023-09-13"
"166","228","1","2023-12-26"
"167","250","5","2023-02-04"
"168","485","7","2023-04-22"
"169","371","9","2023-04-16"
"170","1114","6","2023-06-23"
"171","425","9","2023-08-24"
"172","1071","1","2023-08-05"
"173","1054","7","2023-05-24"
"174","1080","9","2023-12-02"
"175","149","8","2023-12-08"
"176","55","1","2023-02-25"
"177","377","11","2023-05-31"
"178","892","10","2023-05-27"
"179","321","5","2023-01-11"
"180","663","5","2023-09-13"
"181","688","1","2023-12-13"
"182","1139","8","2023-01-27"
"183","764","7","2023-11-25"
"184","9","7","2023-01-09"
"185","176","5","2023-06-12"
"186","467","2","2023-12-15"
"187","205","5","2023-06-16"
"188","400","10","2023-05-08"
"189","435","5","2023-12-27"
"190","136","3","2023-12-23"
"191","1176","2","2023-01-27"
"192","495","4","2023-05-23"
"193","22","9","2023-11-12"
"194","1128","5","2023-06-10"
"195","1167","2","2023-02-21"
"196","318","10","2023-08-20"
"197","922","8","2023-04-11"
"198","496","11","2023-08-01"
"199","736","3","2023-07-05"
"200","610","11","2023-01-04"
"201","290","5","2023-05-05"
"202","202","10","2023-10-15"
"203","856","11","2023-05-23"
"204","96","4","2023-09-15"
"205","1000","3","2023-02-02"
"206","496","9","2023-09-04"
"207","15","11","2023-04-24"
"208","1049","5","2023-05-20"
"209","884","5","2023-11-02"
"210","1014","9","2023-11-19"
"211","6","11","2023-09-19"
"212","413","7","2023-05-24"
"213","23","8","2023-01-24"
"214","618","3","2023-11-03"
"215","201","7","2023-09-28"
"216","58","4","2023-08-23"
"217","991","5","2023-11-16"
"218","605","7","2023-05-29"
"219","544","11","2023-04-15"
"220","479","11","2023-09-12"
"221","673","10","2023-02-21"
"222","554","9","2023-01-21"
"223","121","9","2023-08-11"
"224","797","10","2023-11-13"
"225","834","6","2023-02-21"
"226","355","2","2023-11-18"
"227","483","10","2023-08-03"
"228","238","7","2023-07-04"
"229","602","11","2023-10-21"
"230","1023","9","2023-10-04"
"231","906","9","2023-09-08"
"232","995","5","2023-11-01"
"233","1111","11","2023-08-25"
"234","316","8","2023-10-25"
"235","182","8","2023-03-16"
"236","157","5","2023-08-17"
"237","920","2","2023-08-16"
"238","261","3","2023-06-20"
"239","88","9","2023-01-15"
"240","104","1","2023-10-14"
"241","530","9","2023-06-25"
"242","1087","1","2023-07-12"
"243","1161","10","2023-12-21"
"244","757","10","2023-01-06"
"245","505","8","2023-11-11"
"246","466","10","2023-06-29"
"247","326","4","2023-07-26"
"248","648","8","2023-08-13"
"249","110","2","2023-09-14"
"250","156","11","2023-03-09"
"251","867","1","2023-03-18"
"252","665","3","2023-03-31"
"253","357","11","2023-06-09"
"254","525","3","2023-09-17"
"255","350","4","2023-08-24"
"256","331","5","2023-11-24"
"257","681","10","2023-12-15"
"258","284","5","2023-05-22"
"259","31","5","2023-06-25"
"260","611","5","2023-01-14"
"261","1177","5","2023-05-23"
"262","451","7","2023-08-07"
"263","827","7","2023-07-08"
"264","263","6","2023-05-31"
"265","365","9","2023-04-21"
"266","940","9","2023-06-05"
"267","103","7","2023-08-29"
"268","632","2","2023-11-16"
"269","546","2","2023-01-29"
"270","267","6","2023-01-17"
"271","399","4","2023-02-23"
"272","279","2","2023-04-26"
"273","244","4","2023-05-30"
"274","723","8","2023-04-01"
"275","1019","10","2023-04-16"
"276","843","6","2023-06-21"
"277","673","3","2023-07-11"
"278","150","1","2023-11-29"
"279","1098","8","2023-03-04"
"280","747","6","2023-03-27"
"281","684","7","2023-06-12"
"282","856","10","2023-05-15"
"283","886","3","2023-12-07"
"284","476","8","2023-02-26"
"285","823","11","2023-10-21"
"286","763","8","2023-09-29"
"287","728","9","2023-09-28"
"288","1134","7","2023-12-21"
"289","698","4","2023-10-09"
"290","1199","2","2023-04-16"
"291","801","3","2023-05-22"
"292","791","7","2023-07-06"
"293","1080","3","2023-06-21"
"294","494","7","2023-06-10"
"295","799","10","2023-03-24"
"296","9","1","2023-12-01"
"297","482","11","2023-10-22"
"298","1037","8","2023-11-15"
"299","217","11","2023-06-18"
"300","37","4","2023-08-11"
"301","804","1","2023-10-23"
"302","112","3","2023-01-01"
"303","1159","8","2023-06-11"
"304","262","5","2023-06-30"
"305","1192","10","2023-08-05"
"306","426","1","2023-07-28"
"307","192","5","2023-09-22"
"308","1196","3","2023-04-07"
"309","434","1","2023-07-13"
"310","98","9","2023-09-30"
"311","1083","6","2023-12-16"
"312","760","11","2023-09-21"
"313","1032","10","2023-04-04"
"314","208","4","2023-06-15"
"315","404","1","2023-05-10"
"316","250","10","2023-06-26"
"317","308","10","2023-11-09"
"318","692","5","2023-06-19"
"319","182","9","2023-04-21"
"320","837","9","2023-12-26"
"321","858","5","2023-01-17"
"322","371","2","2023-10-26"
"323","1035","1","2023-07-05"
"324","159","3","2023-05-06"
"325","754","1","2023-06-14"
"326","716","4","2023-10-10"
"327","889","2","2023-10-16"
"328","909","1","2023-01-21"
"329","819","4","2023-06-20"
"330","777","4","2023-07-09"
"331","518","10","2023-05-18"
"332","582","7","2023-10-02"
"333","550","6","2023-12-04"
"334","498","6","2023-04-29"
"335","459","8","2023-01-20"
"336","816","1","2023-07-10"
"337","321","5","2023-10-09"
"338","1136","7","2023-05-20"
"339","404","3","2023-10-19"
"340","757","7","2023-12-23"
"341","27","11","2023-06-29"
"342","921","8","2023-10-12"
"343","1098","4","2023-08-15"
"344","653","7","2023-04-05"
"345","1052","1","2023-04-03"
"346","206","3","2023-11-22"
"347","376","2","2023-03-29"
"348","1031","5","2023-12-13"
"349","207","11","2023-10-04"
"350","586","8","2023-03-08"
"351","786","4","2023-01-17"
"352","1016","6","2023-09-01"
"353","874","9","2023-12-14"
"354","456","4","2023-02-23"
"355","15","9","2023-07-19"
"356","132","4","2023-08-16"
"357","229","3","2023-06-15"
"358","606","10","2023-02-08"
"359","378","7","2023-05-19"
"360","1126","3","2023-02-04"
"361","594","6","2023-12-07"
"362","1103","11","2023-09-28"
"363","481","4","2023-01-31"
"364","314","2","2023-02-24"
"365","401","7","2023-03-31"
"366","230","6","2023-06-16"
"367","692","9","2023-08-13"
"368","881","11","2023-12-20"
"369","25","11","2023-10-03"
"370","269","8","2023-12-06"
"371","950","3","2023-08-18"
"372","301","7","2023-09-12"
"373","919","3","2023-02-23"
"374","696","8","2023-07-20"
"375","600","8","2023-05-13"
"376","984","1","2023-06-15"
"377","855","4","2023-12-25"
"378","339","2","2023-03-31"
"379","589","9","2023-09-04"
"380","640","6","2023-02-07"
"381","615","8","2023-11-13"
"382","524","2","2023-08-19"
"383","910","6","2023-04-27"
"384","1088","7","2023-10-07"
"385","528","6","2023-05-02"
"386","873","8","2023-11-30"
"387","362","11","2023-06-10"
"388","347","6","2023-01-21"
"389","1132","4","2023-10-12"
"390","203","4","2023-04-24"
"391","278","4","2023-09-01"
"392","345","2","2023-03-06"
"393","546","7","2023-12-04"
"394","430","7","2023-03-22"
"395","676","3","2023-08-02"
"396","107","6","2023-11-26"
"397","958","11","2023-04-27"
"398","108","4","2023-04-18"
"399","687","4","2023-11-19"
"400","350","4","2023-05-10"
"401","224","2","2023-05-10"
"402","431","8","2023-12-26"
"403","120","10","2023-08-03"
"404","377","8","2023-05-07"
"405","68","6","2023-11-27"
"406","123","1","2023-05-13"
"407","168","1","2023-02-15"
"408","392","6","2023-11-08"
"409","857","8","2023-03-29"
"410","721","10","2023-03-05"
"411","1053","4","2023-04-23"
"412","847","3","2023-11-25"
"413","430","10","2023-10-18"
"414","994","10","2023-10-29"
"415","960","9","2023-06-13"
"416","574","8","2023-07-06"
"417","967","3","2023-07-08"
"418","169","11","2023-07-02"
"419","455","1","2023-01-24"
"420","489","7","2023-12-22"
"421","470","3","2023-05-01"
"422","370","9","2023-04-03"
"423","409","9","2023-02-06"
"424","50","6","2023-04-01"
"425","952","5","2023-05-29"
"426","16","1","2023-08-04"
"427","140","9","2023-09-11"
"428","537","11","2023-11-19"
"429","595","5","2023-07-22"
"430","217","6","2023-05-06"
"431","611","11","2023-08-30"
"432","518","11","2023-10-19"
"433","335","7","2023-02-21"
"434","1056","7","2023-10-02"
"435","112","6","2023-10-02"
"436","499","5","2023-10-10"
"437","245","3","2023-09-13"
"438","385","5","2023-02-28"
"439","788","9","2023-10-17"
"440","615","6","2023-06-17"
"441","668","9","2023-12-06"
"442","1158","10","2023-12-06"
"443","922","3","2023-01-05"
"444","533","3","2023-07-23"
"445","1064","3","2023-04-12"
"446","1016","2","2023-03-27"
"447","581","4","2023-01-06"
"448","746","4","2023-05-23"
"449","129","7","2023-03-20"
"450","735","1","2023-03-16"
"451","10","2","2023-05-26"
"452","128","9","2023-04-20"
"453","210","6","2023-08-04"
"454","310","5","2023-07-14"
"455","308","6","2023-08-03"
"456","886","6","2023-11-13"
"457","424","5","2023-05-27"
"458","593","10","2023-07-28"
"459","236","1","2023-04-30"
"460","281","9","2023-02-18"
"461","763","6","2023-11-19"
"462","999","11","2023-11-25"
"463","684","10","2023-08-02"
"464","1042","10","2023-04-10"
"465","301","1","2023-10-25"
"466","533","5","2023-03-21"
"467","1034","11","2023-06-29"
"468","1160","1","2023-04-27"
"469","1115","4","2023-03-28"
"470","56","3","2023-12-12"
"471","481","11","2023-11-24"
"472","531","1","2023-08-05"
"473","340","3","2023-12-31"
"474","558","7","2023-10-27"
"475","651","1","2023-01-16"
"476","608","6","2023-08-28"
"477","1159","9","2023-11-28"
"478","492","5","2023-01-24"
"479","116","7","2023-06-20"
"480","362","2","2023-03-31"
"481","775","4","2023-04-07"
"482","358","5","2023-08-20"
"483","432","3","2023-05-27"
"484","915","3","2023-11-02"
"485","754","6","2023-10-28"
"486","774","4","2023-07-23"
"487","648","2","2023-02-13"
"488","188","2","2023-10-18"
"489","997","1","2023-01-28"
"490","1128","9","2023-11-25"
"491","310","11","2023-09-22"
"492","691","6","2023-12-02"
"493","318","4","2023-03-19"
"494","310","5","2023-02-24"
"495","643","7","2023-10-29"
"496","747","9","2023-02-22"
"497","614","7","2023-05-06"
"498","1165","4","2023-08-21"
"499","109","2","2023-07-06"
"500","353","10","2023-07-31"
"501","964","1","2023-05-01"
"502","22","11","2023-09-12"
"503","772","6","2023-11-01"
"504","119","2","2023-12-14"
"505","299","1","2023-01-22"
"506","486","1","2023-05-25"
"507","463","1","2023-06-16"
"508","822","3","2023-07-16"
"509","354","8","2023-12-18"
"510","917","11","2023-10-07"
"511","904","2","2023-06-23"
"512","1106","2","2023-08-16"
"513","13","2","2023-01-18"
"514","559","11","2023-04-19"
"515","982","4","2023-10-17"
"516","719","11","2023-01-25"
"517","1021","5","2023-12-01"
"518","834","4","2023-08-17"
"519","887","4","2023-06-07"
"520","452","10","2023-04-17"
"521","1056","6","2023-11-05"
"522","151","3","2023-10-13"
"523","1141","2","2023-04-29"
"524","246","2","2023-10-15"
"525","298","5","2023-03-09"
"526","548","10","2023-04-29"
"527","633","2","2023-05-21"
"528","1011","1","2023-08-16"
"529","1185","4","2023-05-29"
"530","838","9","2023-02-08"
"531","422","3","2023-11-02"
"532","658","7","2023-10-28"
"533","969","1","2023-10-12"
"534","1151","3","2023-05-17"
"535","694","7","2023-07-30"
"536","1108","3","2023-05-19"
"537","382","9","2023-03-23"
"538","521","2","2023-08-22"
"539","654","5","2023-12-11"
"540","521","1","2023-02-27"
"541","355","4","2023-02-24"
"542","686","8","2023-05-21"
"543","402","6","2023-07-25"
"544","512","8","2023-01-03"
"545","915","4","2023-04-02"
"546","1090","8","2023-01-29"
"547","219","7","2023-10-04"
"548","268","10","2023-07-12"
"549","763","1","2023-02-10"
"550","170","9","2023-08-21"
"551","253","4","2023-08-23"
"552","717","4","2023-01-22"
"553","995","5","2023-01-24"
"554","393","10","2023-03-23"
"555","1118","2","2023-06-07"
"556","1115","5","2023-08-15"
"557","319","8","2023-06-05"
"558","788","1","2023-06-16"
"559","1018","6","2023-09-04"
"560","354","5","2023-01-10"
"561","553","2","2023-11-11"
"562","770","8","2023-09-11"
"563","79","4","2023-10-18"
"564","100","11","2023-09-08"
"565","750","5","2023-02-25"
"566","321","6","2023-06-25"
"567","443","1","2023-08-06"
"568","67","11","2023-05-30"
"569","85","11","2023-02-01"
"570","351","1","2023-01-12"
"571","999","9","2023-05-22"
"572","80","9","2023-06-30"
"573","84","5","2023-01-16"
"574","1053","5","2023-01-21"
"575","958","4","2023-12-27"
"576","453","3","2023-05-25"
"577","642","3","2023-02-08"
"578","433","6","2023-02-16"
"579","995","3","2023-03-25"
"580","560","6","2023-03-11"
"581","1126","10","2023-10-02"
"582","531","10","2023-04-01"
"583","820","1","2023-08-20"
"584","38","11","2023-04-07"
"585","326","4","2023-02-13"
"586","454","8","2023-06-18"
"587","197","8","2023-02-27"
"588","556","2","2023-03-16"
"589","770","10","2023-08-12"
"590","779","5","2023-11-23"
"591","788","8","2023-10-22"
"592","585","11","2023-06-03"
"593","364","11","2023-05-04"
"594","196","7","2023-03-15"
"595","376","8","2023-11-13"
"596","899","3","2023-04-11"
"597","1043","4","2023-03-13"
"598","800","8","2023-05-28"
"599","1030","4","2023-09-19"
"600","1094","7","2023-09-20"
"601","316","3","2023-06-05"
"602","1006","5","2023-08-29"
"603","992","6","2023-12-06"
"604","719","6","2023-06-17"
"605","194","11","2023-09-06"
"606","148","1","2023-11-29"
"607","152","3","2023-08-12"
"608","888","1","2023-08-30"
"609","328","2","2023-04-02"
"610","1178","2","2023-05-03"
"611","826","11","2023-03-04"
"612","346","10","2023-02-19"
"613","224","11","2023-11-04"
"614","263","5","2023-03-19"
"615","99","2","2023-09-27"
"616","1197","2","2023-03-06"
"617","369","3","2023-11-29"
"618","1080","9","2023-05-28"
"619","628","1","2023-07-03"
"620","1178","6","2023-03-17"
"621","804","10","2023-11-13"
"622","944","2","2023-07-21"
"623","243","3","2023-04-02"
"624","1050","10","2023-02-25"
"625","939","7","2023-12-22"
"626","188","6","2023-11-11"
"627","297","11","2023-06-22"
"628","1074","10","2023-05-04"
"629","1102","3","2023-01-16"
"630","413","9","2023-03-29"
"631","581","8","2023-12-18"
"632","333","7","2023-06-21"
"633","721","5","2023-02-24"
"634","301","5","2023-09-26"
"635","592","7","2023-08-29"
"636","738","6","2023-09-13"
"637","1124","2","2023-01-04"
"638","768","6","2023-12-27"
"639","591","6","2023-03-23"
"640","1186","1","2023-09-25"
"641","413","7","2023-12-25"
"642","10","5","2023-12-21"
"643","777","3","2023-11-13"
"644","623","8","2023-10-16"
"645","341","5","2023-03-05"
"646","538","8","2023-10-27"
"647","774","2","2023-01-24"
"648","57","1","2023-01-02"
"649","839","11","2023-11-15"
"650","683","7","2023-09-06"
"651","739","2","2023-02-25"
"652","1021","11","2023-11-03"
"653","1127","3","2023-02-05"
"654","1163","1","2023-11-17"
"655","170","8","2023-10-11"
"656","878","7","2023-08-09"
"657","605","4","2023-05-23"
"658","14","4","2023-04-05"
"659","399","2","2023-05-18"
"660","1094","2","2023-03-29"
"661","851","5","2023-12-14"
"662","547","3","2023-10-14"
"663","1147","2","2023-05-08"
"664","283","3","2023-04-06"
"665","562","4","2023-11-30"
"666","1156","2","2023-05-27"
"667","1119","2","2023-05-25"
"668","930","4","2023-03-10"
"669","435","3","2023-05-20"
"670","679","8","2023-09-15"
"671","638","11","2023-03-01"
"672","536","9","2023-11-24"
"673","1098","9","2023-07-24"
"674","686","9","2023-10-25"
"675","914","3","2023-10-25"
"676","715","6","2023-06-26"
"677","90","6","2023-07-30"
"678","583","5","2023-03-10"
"679","890","5","2023-11-20"
"680","250","8","2023-12-28"
"681","738","7","2023-01-23"
"682","998","6","2023-01-11"
"683","880","10","2023-06-22"
"684","297","5","2023-04-15"
"685","102","4","2023-05-15"
"686","296","9","2023-04-28"
"687","1093","4","2023-04-12"
"688","1064","10","2023-06-15"
"689","1075","8","2023-05-24"
"690","1125","9","2023-12-04"
"691","524","3","2023-04-13"
"692","1160","11","2023-03-07"
"693","1054","2","2023-09-19"
"694","1038","4","2023-11-23"
"695","196","11","2023-03-20"
"696","104","11","2023-06-04"
"697","20","10","2023-03-19"
"698","658","4","2023-10-08"
"699","1162","4","2023-12-18"
"700","721","6","2023-11-01"
"701","845","4","2023-12-08"
"702","1098","5","2023-04-28"
"703","873","5","2023-04-18"
"704","890","6","2023-03-06"
"705","320","11","2023-03-20"
"706","500","10","2023-08-09"
"707","47","2","2023-10-16"
"708","473","8","2023-09-12"
"709","632","11","2023-11-12"
"710","660","2","2023-09-04"
"711","320","2","2023-06-09"
"712","84","7","2023-03-27"
"713","248","6","2023-07-22"
"714","442","5","2023-11-16"
"715","520","10","2023-05-24"
"716","484","8","2023-03-06"
"717","452","6","2023-05-02"
"718","742","6","2023-11-11"
"719","395","10","2023-11-24"
"720","844","9","2023-12-25"
"721","83","7","2023-12-14"
"722","740","10","2023-03-25"
"723","371","10","2023-06-18"
"724","464","2","2023-06-19"
"725","266","2","2023-09-09"
"726","647","9","2023-11-09"
"727","984","8","2023-02-13"
"728","574","5","2023-09-28"
"729","840","4","2023-06-15"
"730","552","4","2023-07-28"
"731","911","10","2023-04-07"
"732","134","4","2023-08-20"
"733","195","7","2023-06-18"
"734","545","7","2023-10-16"
"735","615","8","2023-12-18"
"736","326","2","2023-04-06"
"737","812","7","2023-08-10"
"738","952","10","2023-10-12"
"739","1052","7","2023-06-25"
"740","619","2","2023-07-21"
"741","1","8","2023-07-10"
"742","274","6","2023-09-01"
"743","123","10","2023-01-26"
"744","411","9","2023-03-29"
"745","707","8","2023-06-11"
"746","90","11","2023-06-12"
"747","461","10","2023-06-15"
"748","604","11","2023-09-05"
"749","529","11","2023-04-19"
"750","883","5","2023-04-25"
"751","532","6","2023-08-20"
"752","1003","1","2023-11-29"
"753","55","6","2023-08-19"
"754","633","10","2023-12-15"
"755","881","10","2023-12-28"
"756","233","10","2023-11-03"
"757","1162","11","2023-06-02"
"758","1165","7","2023-06-02"
"759","950","9","2023-10-13"
"760","960","5","2023-11-21"
"761","850","11","2023-11-01"
"762","360","10","2023-12-27"
"763","1083","6","2023-10-21"
"764","1116","1","2023-09-08"
"765","548","10","2023-07-14"
"766","79","3","2023-03-28"
"767","1043","2","2023-02-25"
"768","1081","2","2023-07-20"
"769","888","9","2023-02-15"
"770","1080","11","2023-11-17"
"771","944","8","2023-03-01"
"772","63","9","2023-09-26"
"773","529","7","2023-01-19"
"774","363","10","2023-11-27"
"775","805","9","2023-10-11"
"776","1065","6","2023-04-26"
"777","617","2","2023-09-28"
"778","430","5","2023-03-02"
"779","1171","2","2023-05-13"
"780","1015","4","2023-07-14"
"781","775","3","2023-07-14"
"782","996","8","2023-02-15"
"783","698","1","2023-08-06"
"784","750","10","2023-03-15"
"785","451","9","2023-05-07"
"786","254","2","2023-10-08"
"787","111","4","2023-12-02"
"788","700","5","2023-01-19"
"789","505","11","2023-09-28"
"790","737","10","2023-03-17"
"791","1112","10","2023-06-20"
"792","498","2","2023-08-28"
"793","636","11","2023-03-19"
"794","925","10","2023-01-19"
"795","732","11","2023-10-14"
"796","780","3","2023-11-27"
"797","900","1","2023-05-02"
"798","721","3","2023-08-15"
"799","948","6","2023-06-23"
"800","842","1","2023-08-16"
"801","68","11","2023-10-27"
"802","801","5","2023-03-27"
"803","1098","7","2023-03-26"
"804","1131","8","2023-01-23"
"805","745","6","2023-07-04"
"806","1082","5","2023-12-20"
"807","230","8","2023-12-14"
"808","304","9","2023-04-07"
"809","661","2","2023-09-19"
"810","354","3","2023-01-21"
"811","853","10","2023-05-18"
"812","729","1","2023-04-12"
"813","520","9","2023-02-08"
"814","1163","4","2023-10-01"
"815","457","8","2023-09-20"
"816","500","10","2023-07-22"
"817","514","7","2023-04-05"
"818","989","9","2023-01-03"
"819","93","2","2023-02-26"
"820","39","6","2023-10-26"
"821","465","3","2023-02-01"
"822","1181","10","2023-10-13"
"823","879","11","2023-02-22"
"824","70","4","2023-02-20"
"825","876","11","2023-12-15"
"826","256","9","2023-12-23"
"827","748","10","2023-11-03"
"828","477","4","2023-12-08"
"829","797","10","2023-03-02"
"830","791","3","2023-06-13"
"831","907","5","2023-12-03"
"832","1158","6","2023-08-22"
"833","757","8","2023-10-01"
"834","894","6","2023-10-11"
"835","447","8","2023-07-31"
"836","1103","5","2023-03-19"
"837","323","2","2023-06-11"
"838","853","9","2023-08-06"
"839","1031","3","2023-05-22"
"840","75","5","2023-01-06"
"841","301","9","2023-06-19"
"842","115","6","2023-02-23"
"843","901","3","2023-03-30"
"844","836","2","2023-04-19"
"845","253","2","2023-09-16"
"846","196","11","2023-07-21"
"847","1117","3","2023-11-16"
"848","452","10","2023-09-17"
"849","1148","6","2023-03-03"
"850","1061","2","2023-07-12"